{
  "_id": "0f8be81d-e9e1-47f5-bb9c-69f7e68a2396",
  "inferenceEngine": {
    "modelId": "4cf651d9-edf3-455f-a22e-53cc67fcc07b"
  },
  "integrationId": "insurance-premium-advisor-2403",
  "integrations": {},
  "intentClassification": {
    "modelId": "4cf651d9-edf3-455f-a22e-53cc67fcc07b"
  },
  "name": "Insurance Premium Advisor",
  "publisherAccountId": "b01bfb4c-bd4e-481e-bf12-abeaf8cc7e49",
  "status": "Active",
  "useAsChatbot": true,
  "variables": {
    "secrets": []
  },
  "miniAgentIds": [
    "ce10f642-f242-4df0-8ead-8aca5f00e604"
  ],
  "miniAgents": [
    {
      "_id": "ce10f642-f242-4df0-8ead-8aca5f00e604",
      "integrationId": "premium-adjustment-analyzer-5101",
      "intents": [
        {
          "_id": "analyze-property-details-5101",
          "name": "Analyze Property Details",
          "description": "Processes user input regarding property area, type, and insurance coverage details to assess potential premium adjustments.",
          "examples": [
            "My property is a 2000 sq ft house. How will a flood affect my premium?",
            "I have a condo with basic insurance. What happens to my premium if a hurricane occurs?",
            "How does the area of my property influence premium changes during natural disasters?"
          ],
          "flowType": "Workflow",
          "workflowId": "e292f185-6474-4cf0-98ce-10e29e463095"
        },
        {
          "_id": "calculate-premium-change-5101",
          "name": "Calculate Premium Change",
          "description": "Calculates the percentage increase or decrease in insurance premiums based on the occurrence of specific natural disasters and the provided property and insurance details.",
          "examples": [
            "What is the premium change for my property in case of a hurricane?",
            "How much will my premium increase if there's a flood?",
            "Can you calculate the premium adjustment for my house during a natural disaster?"
          ],
          "flowType": "Workflow",
          "workflowId": "cdfd9eaa-62b0-4b6d-9759-09884dd3d3ca"
        }
      ],
      "name": "Premium Adjustment Analyzer",
      "scope": "Handles queries related to analyzing property details, insurance coverage, and exclusions to suggest percentage changes in insurance premiums due to natural disasters like floods or hurricanes.",
      "miniAgentId": "ce10f642-f242-4df0-8ead-8aca5f00e604"
    }
  ],
  "rags": [],
  "intentWorkflows": [
    {
      "_id": "cdfd9eaa-62b0-4b6d-9759-09884dd3d3ca",
      "integrationId": "calculate-premium-change-5544",
      "name": "Workflow for Calculate Premium Change"
    },
    {
      "_id": "e292f185-6474-4cf0-98ce-10e29e463095",
      "integrationId": "analyze-property-details-5544",
      "name": "Workflow for Analyze Property Details"
    }
  ]
}