{
  "_id": "cdfd9eaa-62b0-4b6d-9759-09884dd3d3ca",
  "aiPersonaId": "0f8be81d-e9e1-47f5-bb9c-69f7e68a2396",
  "integrationId": "calculate-premium-change-5544",
  "name": "Workflow for Calculate Premium Change",
  "publisherAccountId": "b01bfb4c-bd4e-481e-bf12-abeaf8cc7e49",
  "startTaskId": "4da7423e-ce8b-4d0a-b6ff-1b20c38c75b2",
  "status": "Active",
  "tasks": [
    {
      "_id": "4da7423e-ce8b-4d0a-b6ff-1b20c38c75b2",
      "transitions": [],
      "type": "Display",
      "config": {
        "name": "Display",
        "description": "Display the response to the user",
        "type": "text",
        "text": "Hi there! Intent $input.intent has been matched"
      }
    }
  ],
  "type": "Conversational",
  "version": "latest"
}