{
  "_id": "4e6cbabb-892c-4bd7-9687-d4d46684beca",
  "aiPersonaId": "0f8be81d-e9e1-47f5-bb9c-69f7e68a2396",
  "integrationId": "ma-premium-adjustment-analyzer-5101-primary-workflow-for-premium-adjustment-analyzer",
  "isMiniAgentPrimaryWorkflow": true,
  "name": "Primary Workflow for Premium Adjustment Analyzer",
  "publisherAccountId": "b01bfb4c-bd4e-481e-bf12-abeaf8cc7e49",
  "startTaskId": "e1841d45-ff4c-480b-8080-84568d1674bf",
  "status": "Active",
  "tasks": [
    {
      "_id": "e1841d45-ff4c-480b-8080-84568d1674bf",
      "type": "PassThrough",
      "config": {
        "name": "Pass Through",
        "description": "Pass through the input to the output"
      },
      "transitions": [
        {
          "_id": "ffaaed42-2ec9-4ab3-8c07-67b14f521230-e1841d45-ff4c-480b-8080-84568d1674bf",
          "nextTask": "ffaaed42-2ec9-4ab3-8c07-67b14f521230",
          "name": "If query doesnt exists",
          "rules": [
            {
              "type": "any",
              "operator": "notExists",
              "path": "$output.query"
            }
          ]
        },
        {
          "_id": "50ba7470-48d9-406f-86a5-1b3898189e0a-e1841d45-ff4c-480b-8080-84568d1674bf",
          "nextTask": "50ba7470-48d9-406f-86a5-1b3898189e0a",
          "name": "If intents are already classified",
          "rules": [
            {
              "type": "any",
              "operator": "exists",
              "path": "$output.intents"
            },
            {
              "type": "any",
              "operator": "exists",
              "path": "$output.query"
            }
          ]
        },
        {
          "_id": "e1841d45-ff4c-480b-8080-84568d1674bf-59647d93-6069-4e6d-a04f-8f5304f940fb",
          "name": "If query exists",
          "nextTask": "59647d93-6069-4e6d-a04f-8f5304f940fb",
          "rules": [
            {
              "type": "any",
              "operator": "exists",
              "path": "$output.query"
            },
            {
              "type": "any",
              "operator": "notExists",
              "path": "$output.intents"
            }
          ]
        }
      ],
      "globalVariables": [
        {
          "name": "query",
          "referencePath": "$input.query"
        },
        {
          "name": "rawQuery",
          "referencePath": "$input.rawQuery"
        },
        {
          "name": "conversationId",
          "referencePath": "$input.conversationId"
        }
      ]
    },
    {
      "_id": "ffaaed42-2ec9-4ab3-8c07-67b14f521230",
      "type": "Input",
      "config": {
        "name": "User Input",
        "description": "Get user input",
        "type": "string"
      },
      "transitions": [
        {
          "_id": "ffaaed42-2ec9-4ab3-8c07-67b14f521230-59647d93-6069-4e6d-a04f-8f5304f940fb",
          "name": "Default",
          "nextTask": "59647d93-6069-4e6d-a04f-8f5304f940fb"
        }
      ],
      "globalVariables": [
        {
          "name": "query",
          "referencePath": "$output.userInput"
        },
        {
          "name": "rawQuery",
          "referencePath": "$output.userInput"
        },
        {
          "name": "selfLoopMiniAgent",
          "referencePath": "true"
        }
      ]
    },
    {
      "_id": "59647d93-6069-4e6d-a04f-8f5304f940fb",
      "type": "Loader",
      "config": {
        "name": "Loader",
        "description": "Display loader message",
        "type": "loader",
        "text": "Just a moment... identifying the best approach to assist you."
      },
      "transitions": [
        {
          "_id": "59647d93-6069-4e6d-a04f-8f5304f940fb-5c09b726-9241-42ba-ac4e-dc227153948f",
          "name": "Default",
          "nextTask": "5c09b726-9241-42ba-ac4e-dc227153948f"
        }
      ]
    },
    {
      "_id": "5c09b726-9241-42ba-ac4e-dc227153948f",
      "type": "IntentClassification",
      "config": {
        "name": "Intent Classification",
        "description": "Classify the intent of the user message",
        "modelId": "4cf651d9-edf3-455f-a22e-53cc67fcc07b",
        "intents": [
          {
            "name": "Analyze Property Details",
            "description": "Processes user input regarding property area, type, and insurance coverage details to assess potential premium adjustments.",
            "examples": [
              "My property is a 2000 sq ft house. How will a flood affect my premium?",
              "I have a condo with basic insurance. What happens to my premium if a hurricane occurs?",
              "How does the area of my property influence premium changes during natural disasters?"
            ]
          },
          {
            "name": "Calculate Premium Change",
            "description": "Calculates the percentage increase or decrease in insurance premiums based on the occurrence of specific natural disasters and the provided property and insurance details.",
            "examples": [
              "What is the premium change for my property in case of a hurricane?",
              "How much will my premium increase if there's a flood?",
              "Can you calculate the premium adjustment for my house during a natural disaster?"
            ]
          }
        ],
        "query": "$agent.query"
      },
      "transitions": [
        {
          "_id": "5c09b726-9241-42ba-ac4e-dc227153948f-50ba7470-48d9-406f-86a5-1b3898189e0a",
          "name": "If Intent is Matched",
          "rules": [
            {
              "type": "string",
              "operator": "equal",
              "path": "$output.intentMatched",
              "value": "true"
            }
          ],
          "nextTask": "50ba7470-48d9-406f-86a5-1b3898189e0a"
        },
        {
          "_id": "5c09b726-9241-42ba-ac4e-dc227153948f-75cfaf5c-ad97-418b-b09a-226bbbab25e9",
          "name": "If No Intent is Matched",
          "rules": [
            {
              "type": "string",
              "operator": "equal",
              "path": "$output.intentMatched",
              "value": "false"
            }
          ],
          "nextTask": "75cfaf5c-ad97-418b-b09a-226bbbab25e9"
        }
      ]
    },
    {
      "_id": "50ba7470-48d9-406f-86a5-1b3898189e0a",
      "type": "JSFunction",
      "config": {
        "name": "JS Function",
        "description": "Execute JS function",
        "code": "\nconst main = () => {\n    const currentExecutionId = _id;\n    const intents = agent?.icIntents?.[currentExecutionId] || input.intents;\n    const currentIndex = agent?.icLoopIndexes?.[currentExecutionId] || 0;\n    const currentIntent = intents[currentIndex] || {};\n    const { intent, task } = currentIntent;\n    const state = currentIndex === intents.length ? 'end' : 'continue'\n    const icLoopIndexes = { ...(agent?.icLoopIndexes || {}), [_id]: state === 'end' ? undefined : currentIndex + 1 };\n    const icIntents = { ...(agent?.icIntents || {}), [_id]: state === 'end' ? undefined : intents };\n    return { ...input, intent, state: currentIndex === intents.length ? 'end' : 'continue', icLoopIndexes, icIntents, query: task };\n};\n\nmain()\n"
      },
      "globalVariables": [
        {
          "referencePath": "$output.icLoopIndexes",
          "name": "icLoopIndexes"
        },
        {
          "referencePath": "$output.icIntents",
          "name": "icIntents"
        }
      ],
      "transitions": [
        {
          "_id": "50ba7470-48d9-406f-86a5-1b3898189e0a-2e4437de-c270-461e-b0d3-fde63fec4fa1",
          "name": "If Intent is Matched",
          "rules": [
            {
              "type": "string",
              "operator": "equal",
              "path": "$output.intent",
              "value": "Analyze Property Details"
            }
          ],
          "nextTask": "2e4437de-c270-461e-b0d3-fde63fec4fa1"
        },
        {
          "_id": "50ba7470-48d9-406f-86a5-1b3898189e0a-31ca7296-888f-4bc5-99c7-c382612bd8f6",
          "name": "If Intent is Matched",
          "rules": [
            {
              "type": "string",
              "operator": "equal",
              "path": "$output.intent",
              "value": "Calculate Premium Change"
            }
          ],
          "nextTask": "31ca7296-888f-4bc5-99c7-c382612bd8f6"
        },
        {
          "_id": "50ba7470-48d9-406f-86a5-1b3898189e0a-ffaaed42-2ec9-4ab3-8c07-67b14f521230",
          "name": "If Self Loop",
          "rules": [
            {
              "type": "string",
              "operator": "equal",
              "path": "$agent.selfLoopMiniAgent",
              "value": "true"
            },
            {
              "type": "string",
              "operator": "equal",
              "path": "$output.state",
              "value": "end"
            }
          ],
          "nextTask": "ffaaed42-2ec9-4ab3-8c07-67b14f521230"
        }
      ]
    },
    {
      "_id": "2e4437de-c270-461e-b0d3-fde63fec4fa1",
      "type": "Workflow",
      "config": {
        "name": "Intent - Analyze Property Details",
        "description": "Workflow for intent - Analyze Property Details",
        "workflowId": "e292f185-6474-4cf0-98ce-10e29e463095"
      },
      "transitions": [
        {
          "_id": "2e4437de-c270-461e-b0d3-fde63fec4fa1-50ba7470-48d9-406f-86a5-1b3898189e0a",
          "name": "Mini agent execution completed",
          "nextTask": "50ba7470-48d9-406f-86a5-1b3898189e0a"
        }
      ]
    },
    {
      "_id": "31ca7296-888f-4bc5-99c7-c382612bd8f6",
      "type": "Workflow",
      "config": {
        "name": "Intent - Calculate Premium Change",
        "description": "Workflow for intent - Calculate Premium Change",
        "workflowId": "cdfd9eaa-62b0-4b6d-9759-09884dd3d3ca"
      },
      "transitions": [
        {
          "_id": "31ca7296-888f-4bc5-99c7-c382612bd8f6-50ba7470-48d9-406f-86a5-1b3898189e0a",
          "name": "Mini agent execution completed",
          "nextTask": "50ba7470-48d9-406f-86a5-1b3898189e0a"
        }
      ]
    },
    {
      "_id": "75cfaf5c-ad97-418b-b09a-226bbbab25e9",
      "transitions": [
        {
          "_id": "75cfaf5c-ad97-418b-b09a-226bbbab25e9-ffaaed42-2ec9-4ab3-8c07-67b14f521230",
          "name": "If Self Loop",
          "rules": [
            {
              "type": "string",
              "operator": "equal",
              "path": "$agent.selfLoopMiniAgent",
              "value": "true"
            }
          ],
          "nextTask": "ffaaed42-2ec9-4ab3-8c07-67b14f521230"
        }
      ],
      "type": "Output",
      "config": {
        "name": "Output",
        "description": "Output the response to the user",
        "type": "external",
        "text": "Unable to complete task $agent.query"
      }
    },
    {
      "_id": "dd55488e-3dae-45a3-b9e1-350266ac4473",
      "transitions": [
        {
          "_id": "dd55488e-3dae-45a3-b9e1-350266ac4473-ffaaed42-2ec9-4ab3-8c07-67b14f521230",
          "name": "If Self Loop",
          "rules": [
            {
              "type": "string",
              "operator": "equal",
              "path": "$agent.selfLoopMiniAgent",
              "value": "true"
            }
          ],
          "nextTask": "ffaaed42-2ec9-4ab3-8c07-67b14f521230"
        }
      ],
      "type": "Display",
      "config": {
        "name": "Display",
        "description": "Display the response to the user",
        "type": "text",
        "text": "$input.content"
      }
    }
  ],
  "type": "Conversational",
  "version": "latest"
}