{
  "_id": "55609508-69fc-47cc-8a30-bd1895392549",
  "aiPersonaId": "adeda689-cb7d-4732-b4a3-25031c9d563c",
  "integrationId": "ma-competitor-insight-extractor-2168-primary-workflow-for-claim-processing",
  "isMiniAgentPrimaryWorkflow": true,
  "name": "Primary Workflow for Claim processing",
  "publisherAccountId": "63a730f5-1002-487a-9b5e-6694929e55c9",
  "startTaskId": "070bb215-b604-48b5-996e-fb61e4a55066",
  "status": "Active",
  "tasks": [
    {
      "_id": "070bb215-b604-48b5-996e-fb61e4a55066",
      "type": "PassThrough",
      "config": {
        "name": "Pass Through",
        "description": "Pass through the input to the output"
      },
      "transitions": [
        {
          "_id": "8b6f1aca-c901-4452-a027-366791fa4b1b-070bb215-b604-48b5-996e-fb61e4a55066",
          "nextTask": "8b6f1aca-c901-4452-a027-366791fa4b1b",
          "name": "If query doesnt exists",
          "rules": [
            {
              "type": "any",
              "operator": "notExists",
              "path": "$output.query"
            }
          ]
        },
        {
          "_id": "35af045c-b758-4904-81c3-320955889fec-070bb215-b604-48b5-996e-fb61e4a55066",
          "nextTask": "35af045c-b758-4904-81c3-320955889fec",
          "name": "If intents are already classified",
          "rules": [
            {
              "type": "any",
              "operator": "exists",
              "path": "$output.intents"
            },
            {
              "type": "any",
              "operator": "exists",
              "path": "$output.query"
            }
          ]
        },
        {
          "_id": "070bb215-b604-48b5-996e-fb61e4a55066-d42451ea-5ba7-4b8a-8b32-6f68b9676377",
          "name": "If query exists",
          "nextTask": "d42451ea-5ba7-4b8a-8b32-6f68b9676377",
          "rules": [
            {
              "type": "any",
              "operator": "exists",
              "path": "$output.query"
            },
            {
              "type": "any",
              "operator": "notExists",
              "path": "$output.intents"
            }
          ]
        }
      ],
      "globalVariables": [
        {
          "name": "query",
          "referencePath": "$input.query"
        },
        {
          "name": "rawQuery",
          "referencePath": "$input.rawQuery"
        },
        {
          "name": "conversationId",
          "referencePath": "$input.conversationId"
        }
      ]
    },
    {
      "_id": "8b6f1aca-c901-4452-a027-366791fa4b1b",
      "type": "Input",
      "config": {
        "name": "User Input",
        "description": "Get user input",
        "type": "string"
      },
      "transitions": [
        {
          "_id": "8b6f1aca-c901-4452-a027-366791fa4b1b-d42451ea-5ba7-4b8a-8b32-6f68b9676377",
          "name": "Default",
          "nextTask": "d42451ea-5ba7-4b8a-8b32-6f68b9676377"
        }
      ],
      "globalVariables": [
        {
          "name": "query",
          "referencePath": "$output.userInput"
        },
        {
          "name": "rawQuery",
          "referencePath": "$output.userInput"
        },
        {
          "name": "selfLoopMiniAgent",
          "referencePath": "true"
        }
      ]
    },
    {
      "_id": "d42451ea-5ba7-4b8a-8b32-6f68b9676377",
      "type": "Loader",
      "config": {
        "name": "Loader",
        "description": "Display loader message",
        "type": "loader",
        "text": "Just a moment... identifying the best approach to assist you."
      },
      "transitions": [
        {
          "_id": "d42451ea-5ba7-4b8a-8b32-6f68b9676377-ec9df87b-99e8-4e93-a999-5f84ac00947f",
          "name": "Default",
          "nextTask": "ec9df87b-99e8-4e93-a999-5f84ac00947f"
        }
      ]
    },
    {
      "_id": "ec9df87b-99e8-4e93-a999-5f84ac00947f",
      "type": "IntentClassification",
      "config": {
        "name": "Intent Classification",
        "description": "Classify the intent of the user message",
        "modelId": "94e8abb2-9c37-4403-9827-26e1be419ebd",
        "intents": [
          {
            "name": "claim_evaluation",
            "description": "This intent processes and evaluates insurance claims by extracting key details, verifying compliance of medication and treatment with injury or surgery, detecting anomalies in hospital bills, and determining whether the claim should be Accepted, Rejected, or Reviewed, along with a justification.",
            "examples": [
              "Evaluate this claim document.",
              "Check if this claim is valid.",
              "Summarize the key details of this claim"
            ]
          }
        ],
        "query": "$agent.query"
      },
      "transitions": [
        {
          "_id": "ec9df87b-99e8-4e93-a999-5f84ac00947f-35af045c-b758-4904-81c3-320955889fec",
          "name": "If Intent is Matched",
          "rules": [
            {
              "type": "string",
              "operator": "equal",
              "path": "$output.intentMatched",
              "value": "true"
            }
          ],
          "nextTask": "35af045c-b758-4904-81c3-320955889fec"
        },
        {
          "_id": "ec9df87b-99e8-4e93-a999-5f84ac00947f-d8b36f66-ab0d-480a-87b5-a96269879e5f",
          "name": "If No Intent is Matched",
          "rules": [
            {
              "type": "string",
              "operator": "equal",
              "path": "$output.intentMatched",
              "value": "false"
            }
          ],
          "nextTask": "d8b36f66-ab0d-480a-87b5-a96269879e5f"
        }
      ]
    },
    {
      "_id": "35af045c-b758-4904-81c3-320955889fec",
      "type": "JSFunction",
      "config": {
        "name": "JS Function",
        "description": "Execute JS function",
        "code": "\nconst main = () => {\n    const currentExecutionId = _id;\n    const intents = agent?.icIntents?.[currentExecutionId] || input.intents;\n    const currentIndex = agent?.icLoopIndexes?.[currentExecutionId] || 0;\n    const currentIntent = intents[currentIndex] || {};\n    const { intent, task } = currentIntent;\n    const state = currentIndex === intents.length ? 'end' : 'continue'\n    const icLoopIndexes = { ...(agent?.icLoopIndexes || {}), [_id]: state === 'end' ? undefined : currentIndex + 1 };\n    const icIntents = { ...(agent?.icIntents || {}), [_id]: state === 'end' ? undefined : intents };\n    return { ...input, intent, state: currentIndex === intents.length ? 'end' : 'continue', icLoopIndexes, icIntents, query: task };\n};\n\nmain()\n"
      },
      "globalVariables": [
        {
          "referencePath": "$output.icLoopIndexes",
          "name": "icLoopIndexes"
        },
        {
          "referencePath": "$output.icIntents",
          "name": "icIntents"
        }
      ],
      "transitions": [
        {
          "_id": "35af045c-b758-4904-81c3-320955889fec-487c9dac-a0e5-4e7d-a748-0fac2be05445",
          "name": "If Intent is Matched",
          "rules": [
            {
              "type": "string",
              "operator": "equal",
              "path": "$output.intent",
              "value": "claim_evaluation"
            }
          ],
          "nextTask": "487c9dac-a0e5-4e7d-a748-0fac2be05445"
        },
        {
          "_id": "35af045c-b758-4904-81c3-320955889fec-8b6f1aca-c901-4452-a027-366791fa4b1b",
          "name": "If Self Loop",
          "rules": [
            {
              "type": "string",
              "operator": "equal",
              "path": "$agent.selfLoopMiniAgent",
              "value": "true"
            },
            {
              "type": "string",
              "operator": "equal",
              "path": "$output.state",
              "value": "end"
            }
          ],
          "nextTask": "8b6f1aca-c901-4452-a027-366791fa4b1b"
        }
      ]
    },
    {
      "_id": "487c9dac-a0e5-4e7d-a748-0fac2be05445",
      "type": "Workflow",
      "config": {
        "name": "Intent - claim_evaluation",
        "description": "Workflow for intent - claim_evaluation",
        "workflowId": "e0d942e7-3b61-45e1-b682-683f2180d7bd"
      },
      "transitions": [
        {
          "_id": "487c9dac-a0e5-4e7d-a748-0fac2be05445-35af045c-b758-4904-81c3-320955889fec",
          "name": "Mini agent execution completed",
          "nextTask": "35af045c-b758-4904-81c3-320955889fec"
        }
      ]
    },
    {
      "_id": "d8b36f66-ab0d-480a-87b5-a96269879e5f",
      "transitions": [
        {
          "_id": "d8b36f66-ab0d-480a-87b5-a96269879e5f-8b6f1aca-c901-4452-a027-366791fa4b1b",
          "name": "If Self Loop",
          "rules": [
            {
              "type": "string",
              "operator": "equal",
              "path": "$agent.selfLoopMiniAgent",
              "value": "true"
            }
          ],
          "nextTask": "8b6f1aca-c901-4452-a027-366791fa4b1b"
        }
      ],
      "type": "Output",
      "config": {
        "name": "Output",
        "description": "Output the response to the user",
        "type": "external",
        "text": "Unable to complete task $agent.query"
      }
    },
    {
      "_id": "9d6fc2a6-26da-4fb4-91e3-4a635520eedf",
      "transitions": [
        {
          "_id": "9d6fc2a6-26da-4fb4-91e3-4a635520eedf-8b6f1aca-c901-4452-a027-366791fa4b1b",
          "name": "If Self Loop",
          "rules": [
            {
              "type": "string",
              "operator": "equal",
              "path": "$agent.selfLoopMiniAgent",
              "value": "true"
            }
          ],
          "nextTask": "8b6f1aca-c901-4452-a027-366791fa4b1b"
        }
      ],
      "type": "Display",
      "config": {
        "name": "Display",
        "description": "Display the response to the user",
        "type": "text",
        "text": "$input.content"
      }
    }
  ],
  "type": "Conversational",
  "version": "latest"
}