{
  "_id": "9339b2dc-801b-4fde-b493-7e36508ad24f",
  "enableFreeSolo": null,
  "options": [
    {
      "label": "BP",
      "value": "Blood Pressure"
    },
    {
      "label": "Hypertension",
      "value": "Hypertension"
    },
    {
      "label": "Heart problems",
      "value": "Heart problems"
    },
    {
      "label": "Diabetes",
      "value": "Diabetes"
    },
    {
      "label": "Thyroid",
      "value": "Thyroid"
    },
    {
      "label": "Bone fracture",
      "value": "Bone fracture"
    }
  ],
  "questionId": "203",
  "status": "Active",
  "text": "Which of the following illness do you have?",
  "title": "Existing  Illnesses",
  "type": "multiselect"
}