{
  "_id": "ec1dd7ba-b074-4a58-9484-ae422e54ddd2",
  "enableFreeSolo": null,
  "options": [
    {
      "label": "Smoking",
      "value": "Smoking High"
    },
    {
      "label": "Drinking",
      "value": "Drinking High"
    },
    {
      "label": "Low drinking",
      "value": "Smoking Low"
    },
    {
      "label": "Hight Drinking",
      "value": "Drinking Low"
    }
  ],
  "questionId": "204",
  "status": "Active",
  "text": "Lifestyle Habits",
  "title": "Lifestyle Habits",
  "type": "multiselect"
}