{
  "_id": "8c4aeb6f-f94a-4df0-bd4b-6b92307d2db1",
  "enableFreeSolo": null,
  "options": [
    {
      "label": "Self-inflicted injuries or attempted suicide",
      "value": "Self-inflicted injuries or attempted suicide"
    },
    {
      "label": "Congenital external diseases",
      "value": "Congenital external diseases"
    },
    {
      "label": "Cosmetic treatments",
      "value": "Cosmetic treatments"
    },
    {
      "label": "Injuries from hazardous sports",
      "value": "Injuries from hazardous sports"
    },
    {
      "label": "Experimental treatments",
      "value": "Experimental treatments"
    },
    {
      "label": "Pre-existing diseases (for first 2 years)",
      "value": "Pre-existing diseases (for first 2 years)"
    }
  ],
  "questionId": "207",
  "status": "Active",
  "text": "Exclusions",
  "title": "Exclusions",
  "type": "multiselect"
}