{
  "_id": "0c5f16e3-21d2-432b-9e69-9de0c7217272",
  "enableFreeSolo": null,
  "options": [
    {
      "label": "No claim bonus of 5% of sum insured for each claim-free year, up to 50%",
      "value": "No claim bonus of 5% of sum insured for each claim-free year, up to 50%"
    },
    {
      "label": "Second opinion for critical illnesses covered once per year.",
      "value": "Second opinion for critical illnesses covered once per year."
    },
    {
      "label": "New-born baby coverage from day one up to ₹3 lakhs.",
      "value": "New-born baby coverage from day one up to ₹3 lakhs."
    },
    {
      "label": "Ambulance charges covered up to ₹2,000 per trip.",
      "value": "Ambulance charges covered up to ₹2,000 per trip."
    },
    {
      "label": "Maternity coverage up to ₹50,000 (with 2 year waiting period).",
      "value": "Maternity coverage up to ₹50,000 (with 2 year waiting period)."
    },
    {
      "label": "Outpatient treatment expenses covered up to ₹50,000 per year.",
      "value": "Outpatient treatment expenses covered up to ₹50,000 per year."
    },
    {
      "label": "Pre and post hospitalization expenses covered for 30 and 60 days respectively.",
      "value": "Pre and post hospitalization expenses covered for 30 and 60 days respectively."
    }
  ],
  "questionId": "208",
  "status": "Active",
  "text": "Coverage details",
  "title": "What is included in their coverage plan",
  "type": "multiselect"
}