{
  "_id": "1f76a081-bdb7-444b-b5b9-a8af615ffa0b",
  "aiPersonaId": "845eea1b-0f4a-4fa9-9871-0d30013d1dcb",
  "integrationId": "extract-product-features-3689",
  "name": "Workflow for Extract Product Features",
  "publisherAccountId": "258952ca-ba71-4351-ab37-647c59176875",
  "startTaskId": "1743226928934",
  "status": "Active",
  "tasks": [
    {
      "_id": "0b18b585-41c0-49f8-b4a4-7c45da4718f1",
      "type": "Display",
      "config": {
        "description": "Display the response to the user",
        "name": "Display",
        "type": "text",
        "text": "Hi there! Intent $input.intent has been matched",
        "formatVariables": [],
        "rawText": ""
      },
      "transitions": [],
      "globalVariables": [
        {
          "name": "product",
          "referencePath": "$agent.product"
        }
      ]
    },
    {
      "_id": "1743226928934",
      "type": "WebCrawler",
      "config": {
        "description": "Crawl web pages",
        "name": "Web Crawler",
        "url": "https://www.policybazaar.com/health-insurance/individual-health-insurance/articles/best-health-insurance-plans-in-india/",
        "instructions": "Fetch the coverage details of different policies"
      },
      "transitions": [
        {
          "name": "Default",
          "_id": "1743226928934-0b18b585-41c0-49f8-b4a4-7c45da4718f1",
          "nextTask": "0b18b585-41c0-49f8-b4a4-7c45da4718f1"
        }
      ],
      "globalVariables": [
        {
          "name": "product",
          "referencePath": "$output.extractedContent"
        }
      ]
    }
  ],
  "type": "Conversational",
  "version": "latest",
  "reactflow": {
    "viewport": {
      "x": 51.12985327782337,
      "y": 18.231288166087182,
      "zoom": 0.9314613226838828
    },
    "nodes": [
      {
        "id": "0",
        "type": "Start",
        "position": {
          "x": 265.52479436672735,
          "y": 337.7322508326157
        },
        "data": {},
        "deletable": false,
        "measured": {
          "width": 320,
          "height": 175
        },
        "selected": false
      },
      {
        "position": {
          "x": 840,
          "y": 400
        },
        "type": "Display",
        "id": "0b18b585-41c0-49f8-b4a4-7c45da4718f1",
        "data": {},
        "measured": {
          "width": 298,
          "height": 77
        },
        "selected": false
      },
      {
        "position": {
          "x": 592.1231706156509,
          "y": 135.92285012845664
        },
        "type": "WebCrawler",
        "id": "1743226928934",
        "data": {},
        "measured": {
          "width": 260,
          "height": 77
        },
        "selected": false,
        "dragging": false
      }
    ],
    "edges": [
      {
        "id": "0-1743226928934",
        "type": "Start",
        "source": "0",
        "target": "1743226928934",
        "markerEnd": {
          "type": "arrowclosed",
          "width": 22,
          "height": 22
        },
        "sourceHandle": "0-source-1",
        "targetHandle": "1743226928934-target-1",
        "selected": false
      },
      {
        "type": "Transition",
        "id": "1743226928934-0b18b585-41c0-49f8-b4a4-7c45da4718f1",
        "source": "1743226928934",
        "target": "0b18b585-41c0-49f8-b4a4-7c45da4718f1",
        "markerEnd": {
          "type": "arrowclosed",
          "width": 22,
          "height": 22
        },
        "sourceHandle": "1743226928934-source-1",
        "targetHandle": "0b18b585-41c0-49f8-b4a4-7c45da4718f1-target-1",
        "selected": false
      }
    ]
  }
}