{
  "_id": "e882fcb5-c03d-456a-a303-28df9d313d41",
  "aiPersonaId": "845eea1b-0f4a-4fa9-9871-0d30013d1dcb",
  "integrationId": "extract-promotional-offers-3689",
  "name": "Workflow for Extract Promotional Offers",
  "publisherAccountId": "258952ca-ba71-4351-ab37-647c59176875",
  "startTaskId": "23d3a099-8b2c-4df0-911b-a819e3840fed",
  "status": "Active",
  "tasks": [
    {
      "_id": "23d3a099-8b2c-4df0-911b-a819e3840fed",
      "transitions": [],
      "type": "Display",
      "config": {
        "name": "Display",
        "description": "Display the response to the user",
        "type": "text",
        "text": "Hi there! Intent $input.intent has been matched"
      }
    }
  ],
  "type": "Conversational",
  "version": "latest"
}