{
  "_id": "99a187e1-c602-4126-a3e9-60b713241a61",
  "aiPersonaId": "845eea1b-0f4a-4fa9-9871-0d30013d1dcb",
  "integrationId": "extract-pricing-information-3689",
  "name": "Workflow for Extract Pricing Information",
  "publisherAccountId": "258952ca-ba71-4351-ab37-647c59176875",
  "startTaskId": "1743180434265",
  "status": "Active",
  "tasks": [
    {
      "_id": "3e4a5fa7-4680-49c8-8d13-705756cfcf11",
      "type": "Display",
      "config": {
        "description": "Display the response to the user",
        "name": "Display",
        "type": "text",
        "text": "Hi there! Intent $input.intent has been matched",
        "formatVariables": [],
        "rawText": ""
      },
      "transitions": [],
      "globalVariables": [
        {
          "name": "price",
          "referencePath": "$agent.price"
        }
      ]
    },
    {
      "_id": "1743180434265",
      "type": "WebCrawler",
      "config": {
        "description": "Crawl web pages",
        "name": "Web Crawler",
        "url": "https://www.policybazaar.com/health-insurance/individual-health-insurance/articles/best-health-insurance-plans-in-india/",
        "instructions": ", coverage amountfetch the price, coverage amount of different policies "
      },
      "transitions": [
        {
          "name": "Default",
          "_id": "1743180434265-3e4a5fa7-4680-49c8-8d13-705756cfcf11",
          "nextTask": "3e4a5fa7-4680-49c8-8d13-705756cfcf11"
        }
      ],
      "globalVariables": [
        {
          "name": "price",
          "referencePath": "$output.extractedContent"
        }
      ]
    }
  ],
  "type": "Conversational",
  "version": "latest",
  "reactflow": {
    "viewport": {
      "x": 125.05851014274128,
      "y": 35.952564180032255,
      "zoom": 0.8471779392755889
    },
    "nodes": [
      {
        "id": "0",
        "type": "Start",
        "position": {
          "x": 199.71779474245994,
          "y": 292.55688347262594
        },
        "data": {},
        "deletable": false,
        "measured": {
          "width": 320,
          "height": 175
        },
        "selected": false
      },
      {
        "position": {
          "x": 812.3645426530707,
          "y": 263.1451964949733
        },
        "type": "Display",
        "id": "3e4a5fa7-4680-49c8-8d13-705756cfcf11",
        "data": {},
        "measured": {
          "width": 298,
          "height": 77
        },
        "selected": false,
        "dragging": false
      },
      {
        "position": {
          "x": 361.6159790508417,
          "y": 65.70207996759926
        },
        "type": "WebCrawler",
        "id": "1743180434265",
        "data": {},
        "measured": {
          "width": 260,
          "height": 77
        },
        "selected": false,
        "dragging": false
      }
    ],
    "edges": [
      {
        "id": "0-1743180434265",
        "type": "Start",
        "source": "0",
        "target": "1743180434265",
        "markerEnd": {
          "type": "arrowclosed",
          "width": 22,
          "height": 22
        },
        "sourceHandle": "0-source-1",
        "targetHandle": "1743180434265-target-1",
        "selected": false
      },
      {
        "type": "Transition",
        "id": "1743180434265-3e4a5fa7-4680-49c8-8d13-705756cfcf11",
        "source": "1743180434265",
        "target": "3e4a5fa7-4680-49c8-8d13-705756cfcf11",
        "markerEnd": {
          "type": "arrowclosed",
          "width": 22,
          "height": 22
        },
        "sourceHandle": "1743180434265-source-1",
        "targetHandle": "3e4a5fa7-4680-49c8-8d13-705756cfcf11-target-1",
        "selected": false
      }
    ]
  }
}