{
  "_id": "501cb030-6df8-4f16-93a2-a038776e7ac8",
  "aiPersonaId": "845eea1b-0f4a-4fa9-9871-0d30013d1dcb",
  "integrationId": "ma-web-crawler-insights-2346-primary-workflow-for-web-crawler-insights",
  "isMiniAgentPrimaryWorkflow": true,
  "name": "Primary Workflow for Web Crawler Insights",
  "publisherAccountId": "258952ca-ba71-4351-ab37-647c59176875",
  "startTaskId": "0aad4573-ddbb-4f9d-8ad1-2e931674eb12",
  "status": "Active",
  "tasks": [
    {
      "_id": "0aad4573-ddbb-4f9d-8ad1-2e931674eb12",
      "type": "PassThrough",
      "config": {
        "name": "Pass Through",
        "description": "Pass through the input to the output"
      },
      "transitions": [
        {
          "_id": "992e7a5b-3eeb-4af1-83df-06aa237e8cf6-0aad4573-ddbb-4f9d-8ad1-2e931674eb12",
          "nextTask": "992e7a5b-3eeb-4af1-83df-06aa237e8cf6",
          "name": "If query doesnt exists",
          "rules": [
            {
              "type": "any",
              "operator": "notExists",
              "path": "$output.query"
            }
          ]
        },
        {
          "_id": "04dab8d5-380e-4eb8-952a-32bdc07b2763-0aad4573-ddbb-4f9d-8ad1-2e931674eb12",
          "nextTask": "04dab8d5-380e-4eb8-952a-32bdc07b2763",
          "name": "If intents are already classified",
          "rules": [
            {
              "type": "any",
              "operator": "exists",
              "path": "$output.intents"
            },
            {
              "type": "any",
              "operator": "exists",
              "path": "$output.query"
            }
          ]
        },
        {
          "_id": "0aad4573-ddbb-4f9d-8ad1-2e931674eb12-d04d4af3-65f0-4848-801b-8df35b2eb7bb",
          "name": "If query exists",
          "nextTask": "d04d4af3-65f0-4848-801b-8df35b2eb7bb",
          "rules": [
            {
              "type": "any",
              "operator": "exists",
              "path": "$output.query"
            },
            {
              "type": "any",
              "operator": "notExists",
              "path": "$output.intents"
            }
          ]
        }
      ],
      "globalVariables": [
        {
          "name": "query",
          "referencePath": "$input.query"
        },
        {
          "name": "rawQuery",
          "referencePath": "$input.rawQuery"
        },
        {
          "name": "conversationId",
          "referencePath": "$input.conversationId"
        }
      ]
    },
    {
      "_id": "992e7a5b-3eeb-4af1-83df-06aa237e8cf6",
      "type": "Input",
      "config": {
        "name": "User Input",
        "description": "Get user input",
        "type": "string"
      },
      "transitions": [
        {
          "_id": "992e7a5b-3eeb-4af1-83df-06aa237e8cf6-d04d4af3-65f0-4848-801b-8df35b2eb7bb",
          "name": "Default",
          "nextTask": "d04d4af3-65f0-4848-801b-8df35b2eb7bb"
        }
      ],
      "globalVariables": [
        {
          "name": "query",
          "referencePath": "$output.userInput"
        },
        {
          "name": "rawQuery",
          "referencePath": "$output.userInput"
        },
        {
          "name": "selfLoopMiniAgent",
          "referencePath": "true"
        }
      ]
    },
    {
      "_id": "d04d4af3-65f0-4848-801b-8df35b2eb7bb",
      "type": "Loader",
      "config": {
        "name": "Loader",
        "description": "Display loader message",
        "type": "loader",
        "text": "Just a moment... identifying the best approach to assist you."
      },
      "transitions": [
        {
          "_id": "d04d4af3-65f0-4848-801b-8df35b2eb7bb-c80f7eaa-3833-4b5d-a4fb-cd76c1d09600",
          "name": "Default",
          "nextTask": "c80f7eaa-3833-4b5d-a4fb-cd76c1d09600"
        }
      ]
    },
    {
      "_id": "c80f7eaa-3833-4b5d-a4fb-cd76c1d09600",
      "type": "IntentClassification",
      "config": {
        "name": "Intent Classification",
        "description": "Classify the intent of the user message",
        "modelId": "4cf651d9-edf3-455f-a22e-53cc67fcc07b",
        "intents": [
          {
            "name": "Extract Pricing Information",
            "description": "Gathers and organizes pricing details from competitor websites, including product prices, discounts, and special offers.",
            "examples": [
              "What are the current prices of competitor products?",
              "Find any discounts or promotions on competitor sites.",
              "List the pricing details of similar products from competitors."
            ]
          },
          {
            "name": "Extract Product Features",
            "description": "Collects detailed information about product features and specifications from competitor websites.",
            "examples": [
              "What features do competitor products offer?",
              "List the specifications of similar products from competitors.",
              "Compare product features between our products and competitors."
            ]
          },
          {
            "name": "Extract Customer Reviews",
            "description": "Compiles customer reviews and ratings from competitor websites to analyze customer feedback and satisfaction.",
            "examples": [
              "What are customers saying about competitor products?",
              "Summarize the reviews for competitor products.",
              "How do customers rate competitor products?"
            ]
          },
          {
            "name": "Extract Promotional Offers",
            "description": "Identifies and lists any promotional offers or deals available on competitor websites.",
            "examples": [
              "Are there any current promotions on competitor sites?",
              "List the deals available from competitors.",
              "What special offers are competitors providing?"
            ]
          }
        ],
        "query": "$agent.query"
      },
      "transitions": [
        {
          "_id": "c80f7eaa-3833-4b5d-a4fb-cd76c1d09600-04dab8d5-380e-4eb8-952a-32bdc07b2763",
          "name": "If Intent is Matched",
          "rules": [
            {
              "type": "string",
              "operator": "equal",
              "path": "$output.intentMatched",
              "value": "true"
            }
          ],
          "nextTask": "04dab8d5-380e-4eb8-952a-32bdc07b2763"
        },
        {
          "_id": "c80f7eaa-3833-4b5d-a4fb-cd76c1d09600-ce09383d-501d-4dbd-8082-d43b0407adf7",
          "name": "If No Intent is Matched",
          "rules": [
            {
              "type": "string",
              "operator": "equal",
              "path": "$output.intentMatched",
              "value": "false"
            }
          ],
          "nextTask": "ce09383d-501d-4dbd-8082-d43b0407adf7"
        }
      ]
    },
    {
      "_id": "04dab8d5-380e-4eb8-952a-32bdc07b2763",
      "type": "JSFunction",
      "config": {
        "name": "JS Function",
        "description": "Execute JS function",
        "code": "\nconst main = () => {\n    const currentExecutionId = _id;\n    const intents = agent?.icIntents?.[currentExecutionId] || input.intents;\n    const currentIndex = agent?.icLoopIndexes?.[currentExecutionId] || 0;\n    const currentIntent = intents[currentIndex] || {};\n    const { intent, task } = currentIntent;\n    const state = currentIndex === intents.length ? 'end' : 'continue'\n    const icLoopIndexes = { ...(agent?.icLoopIndexes || {}), [_id]: state === 'end' ? undefined : currentIndex + 1 };\n    const icIntents = { ...(agent?.icIntents || {}), [_id]: state === 'end' ? undefined : intents };\n    return { ...input, intent, state: currentIndex === intents.length ? 'end' : 'continue', icLoopIndexes, icIntents, query: task };\n};\n\nmain()\n"
      },
      "globalVariables": [
        {
          "referencePath": "$output.icLoopIndexes",
          "name": "icLoopIndexes"
        },
        {
          "referencePath": "$output.icIntents",
          "name": "icIntents"
        }
      ],
      "transitions": [
        {
          "_id": "04dab8d5-380e-4eb8-952a-32bdc07b2763-19df4989-3dda-4557-8cc8-af3fed77aec3",
          "name": "If Intent is Matched",
          "rules": [
            {
              "type": "string",
              "operator": "equal",
              "path": "$output.intent",
              "value": "Extract Pricing Information"
            }
          ],
          "nextTask": "19df4989-3dda-4557-8cc8-af3fed77aec3"
        },
        {
          "_id": "04dab8d5-380e-4eb8-952a-32bdc07b2763-247468b0-4d15-4b45-92bc-9a776a768146",
          "name": "If Intent is Matched",
          "rules": [
            {
              "type": "string",
              "operator": "equal",
              "path": "$output.intent",
              "value": "Extract Product Features"
            }
          ],
          "nextTask": "247468b0-4d15-4b45-92bc-9a776a768146"
        },
        {
          "_id": "04dab8d5-380e-4eb8-952a-32bdc07b2763-9a8902e1-370a-4223-a196-f9f745f1906f",
          "name": "If Intent is Matched",
          "rules": [
            {
              "type": "string",
              "operator": "equal",
              "path": "$output.intent",
              "value": "Extract Customer Reviews"
            }
          ],
          "nextTask": "9a8902e1-370a-4223-a196-f9f745f1906f"
        },
        {
          "_id": "04dab8d5-380e-4eb8-952a-32bdc07b2763-06779214-daef-4b6a-9ffc-a3eca54e8a9e",
          "name": "If Intent is Matched",
          "rules": [
            {
              "type": "string",
              "operator": "equal",
              "path": "$output.intent",
              "value": "Extract Promotional Offers"
            }
          ],
          "nextTask": "06779214-daef-4b6a-9ffc-a3eca54e8a9e"
        },
        {
          "_id": "04dab8d5-380e-4eb8-952a-32bdc07b2763-992e7a5b-3eeb-4af1-83df-06aa237e8cf6",
          "name": "If Self Loop",
          "rules": [
            {
              "type": "string",
              "operator": "equal",
              "path": "$agent.selfLoopMiniAgent",
              "value": "true"
            },
            {
              "type": "string",
              "operator": "equal",
              "path": "$output.state",
              "value": "end"
            }
          ],
          "nextTask": "992e7a5b-3eeb-4af1-83df-06aa237e8cf6"
        }
      ]
    },
    {
      "_id": "19df4989-3dda-4557-8cc8-af3fed77aec3",
      "type": "Workflow",
      "config": {
        "name": "Intent - Extract Pricing Information",
        "description": "Workflow for intent - Extract Pricing Information",
        "workflowId": "99a187e1-c602-4126-a3e9-60b713241a61"
      },
      "transitions": [
        {
          "_id": "19df4989-3dda-4557-8cc8-af3fed77aec3-04dab8d5-380e-4eb8-952a-32bdc07b2763",
          "name": "Mini agent execution completed",
          "nextTask": "04dab8d5-380e-4eb8-952a-32bdc07b2763"
        }
      ]
    },
    {
      "_id": "247468b0-4d15-4b45-92bc-9a776a768146",
      "type": "Workflow",
      "config": {
        "name": "Intent - Extract Product Features",
        "description": "Workflow for intent - Extract Product Features",
        "workflowId": "1f76a081-bdb7-444b-b5b9-a8af615ffa0b"
      },
      "transitions": [
        {
          "_id": "247468b0-4d15-4b45-92bc-9a776a768146-04dab8d5-380e-4eb8-952a-32bdc07b2763",
          "name": "Mini agent execution completed",
          "nextTask": "04dab8d5-380e-4eb8-952a-32bdc07b2763"
        }
      ]
    },
    {
      "_id": "9a8902e1-370a-4223-a196-f9f745f1906f",
      "type": "Workflow",
      "config": {
        "name": "Intent - Extract Customer Reviews",
        "description": "Workflow for intent - Extract Customer Reviews",
        "workflowId": "f10fcbd9-f09e-41f6-975d-2bc95c3c3d10"
      },
      "transitions": [
        {
          "_id": "9a8902e1-370a-4223-a196-f9f745f1906f-04dab8d5-380e-4eb8-952a-32bdc07b2763",
          "name": "Mini agent execution completed",
          "nextTask": "04dab8d5-380e-4eb8-952a-32bdc07b2763"
        }
      ]
    },
    {
      "_id": "06779214-daef-4b6a-9ffc-a3eca54e8a9e",
      "type": "Workflow",
      "config": {
        "name": "Intent - Extract Promotional Offers",
        "description": "Workflow for intent - Extract Promotional Offers",
        "workflowId": "e882fcb5-c03d-456a-a303-28df9d313d41"
      },
      "transitions": [
        {
          "_id": "06779214-daef-4b6a-9ffc-a3eca54e8a9e-04dab8d5-380e-4eb8-952a-32bdc07b2763",
          "name": "Mini agent execution completed",
          "nextTask": "04dab8d5-380e-4eb8-952a-32bdc07b2763"
        }
      ]
    },
    {
      "_id": "ce09383d-501d-4dbd-8082-d43b0407adf7",
      "transitions": [
        {
          "_id": "ce09383d-501d-4dbd-8082-d43b0407adf7-992e7a5b-3eeb-4af1-83df-06aa237e8cf6",
          "name": "If Self Loop",
          "rules": [
            {
              "type": "string",
              "operator": "equal",
              "path": "$agent.selfLoopMiniAgent",
              "value": "true"
            }
          ],
          "nextTask": "992e7a5b-3eeb-4af1-83df-06aa237e8cf6"
        }
      ],
      "type": "Output",
      "config": {
        "name": "Output",
        "description": "Output the response to the user",
        "type": "external",
        "text": "Unable to complete task $agent.query"
      }
    },
    {
      "_id": "dde14976-cae4-47b6-9e09-ab66daf577c7",
      "transitions": [
        {
          "_id": "dde14976-cae4-47b6-9e09-ab66daf577c7-992e7a5b-3eeb-4af1-83df-06aa237e8cf6",
          "name": "If Self Loop",
          "rules": [
            {
              "type": "string",
              "operator": "equal",
              "path": "$agent.selfLoopMiniAgent",
              "value": "true"
            }
          ],
          "nextTask": "992e7a5b-3eeb-4af1-83df-06aa237e8cf6"
        }
      ],
      "type": "Display",
      "config": {
        "name": "Display",
        "description": "Display the response to the user",
        "type": "text",
        "text": "$input.content"
      }
    }
  ],
  "type": "Conversational",
  "version": "latest"
}