{
  "_id": "9f043af1-e17c-4ec9-911c-22a7213207f3",
  "inferenceEngine": {
    "modelId": "4cf651d9-edf3-455f-a22e-53cc67fcc07b"
  },
  "integrationId": "insurance-premium-adjuster-7648",
  "integrations": {},
  "intentClassification": {
    "modelId": "4cf651d9-edf3-455f-a22e-53cc67fcc07b"
  },
  "name": "Insurance Premium Adjuster",
  "publisherAccountId": "b01bfb4c-bd4e-481e-bf12-abeaf8cc7e49",
  "status": "Active",
  "useAsChatbot": true,
  "variables": {
    "secrets": []
  },
  "miniAgentIds": [
    "dd359bff-52d3-49ce-8236-692acba02ca1"
  ],
  "miniAgents": [
    {
      "_id": "dd359bff-52d3-49ce-8236-692acba02ca1",
      "integrationId": "health-based-premium-adjustment-0396",
      "intents": [
        {
          "_id": "analyze-health-data-0396",
          "name": "Analyze Health Data",
          "description": "Processes and evaluates clients' health information such as age, BMI, and medical history to assess risk levels.",
          "examples": [
            "How does a client's age affect their premium?",
            "Evaluate the impact of a high BMI on insurance costs.",
            "What medical history factors are considered in premium adjustments?"
          ],
          "flowType": "Workflow",
          "workflowId": "a5446b5a-d487-496e-a958-c070f8a19024"
        },
        {
          "_id": "calculate-premium-adjustment-0396",
          "name": "Calculate Premium Adjustment",
          "description": "Calculates the necessary adjustments to insurance premiums based on the analyzed health data and risk assessment.",
          "examples": [
            "What is the premium adjustment for a client with a BMI of 30?",
            "How much should the premium increase for a client with a history of heart disease?",
            "Determine the premium change for a 50-year-old client."
          ],
          "flowType": "Workflow",
          "workflowId": "76973165-aa2e-4ec4-9641-eaac1c20cde5"
        },
        {
          "_id": "client-communication-0396",
          "name": "Client Communication",
          "description": "Handles communication with clients regarding their premium adjustments, providing explanations and answering related queries.",
          "examples": [
            "Explain why my premium has increased.",
            "How can I lower my insurance premium?",
            "What factors led to the change in my premium?"
          ],
          "flowType": "Workflow",
          "workflowId": "67a487ed-1b29-4659-9cbb-bf05fff265b8"
        }
      ],
      "name": "Health-Based Premium Adjustment",
      "scope": "Handles queries related to adjusting insurance premiums based on clients' health details, including age, BMI, and medical history. This involves analyzing health data, calculating risk factors, and determining premium adjustments.",
      "miniAgentId": "dd359bff-52d3-49ce-8236-692acba02ca1"
    }
  ],
  "rags": [],
  "intentWorkflows": [
    {
      "_id": "67a487ed-1b29-4659-9cbb-bf05fff265b8",
      "integrationId": "client-communication-1065",
      "name": "Workflow for Client Communication"
    },
    {
      "_id": "76973165-aa2e-4ec4-9641-eaac1c20cde5",
      "integrationId": "calculate-premium-adjustment-1065",
      "name": "Workflow for Calculate Premium Adjustment"
    },
    {
      "_id": "a5446b5a-d487-496e-a958-c070f8a19024",
      "integrationId": "analyze-health-data-1065",
      "name": "Workflow for Analyze Health Data"
    }
  ]
}