{
  "_id": "fa9780e0-73b8-4c98-94f2-3f06276a6c3f",
  "enableFreeSolo": false,
  "options": [
    {
      "label": "Hurricane Coverage",
      "value": "Hurricane Coverage"
    },
    {
      "label": "Water Damage",
      "value": "Water Damage"
    },
    {
      "label": "Flood Coverage",
      "value": "Flood Coverage"
    },
    {
      "label": "Burglary Insurance",
      "value": "Burglary Insurance"
    },
    {
      "label": "Vandalism Protection",
      "value": "Vandalism Protection"
    },
    {
      "label": "Electrical Fire Coverage",
      "value": "Electrical Fire Coverage"
    }
  ],
  "questionId": "103",
  "status": "Active",
  "text": "What does your coverage plan include ?",
  "title": "coverage plan ",
  "type": "multiselect"
}