{
  "_id": "e899255b-48d4-4c49-b052-5af62b266f2e",
  "enableFreeSolo": null,
  "options": [
    {
      "label": "Pre-existing Damage",
      "value": "Pre-existing Damage"
    },
    {
      "label": "Intentional Damage",
      "value": "Intentional Damage"
    },
    {
      "label": "Government Seizure",
      "value": "Government Seizure"
    },
    {
      "label": "Negligence",
      "value": "Negligence"
    },
    {
      "label": "Lack of Maintenance",
      "value": "Lack of Maintenance"
    },
    {
      "label": "Illegal Activities",
      "value": "Illegal Activities"
    },
    {
      "label": "Unapproved Renovations",
      "value": "Unapproved Renovations"
    }
  ],
  "questionId": "104",
  "status": "Active",
  "text": "Exclusions specified by company",
  "title": "Exclusions",
  "type": "multiselect"
}