{
  "_id": "ee051407-2633-47fc-a48f-6270eac24a71",
  "aiPersonaId": "9f043af1-e17c-4ec9-911c-22a7213207f3",
  "integrationId": "ma-health-based-premium-adjustment-0396-primary-workflow-for-health-based-premium-adjustment",
  "isMiniAgentPrimaryWorkflow": true,
  "name": "Primary Workflow for Health-Based Premium Adjustment",
  "publisherAccountId": "b01bfb4c-bd4e-481e-bf12-abeaf8cc7e49",
  "startTaskId": "65bbf690-e4b4-42ad-ba4f-d4e638ed8117",
  "status": "Active",
  "tasks": [
    {
      "_id": "65bbf690-e4b4-42ad-ba4f-d4e638ed8117",
      "type": "PassThrough",
      "config": {
        "name": "Pass Through",
        "description": "Pass through the input to the output"
      },
      "transitions": [
        {
          "_id": "a7df88d9-894a-44c2-bf1a-9cc36adca1ec-65bbf690-e4b4-42ad-ba4f-d4e638ed8117",
          "nextTask": "a7df88d9-894a-44c2-bf1a-9cc36adca1ec",
          "name": "If query doesnt exists",
          "rules": [
            {
              "type": "any",
              "operator": "notExists",
              "path": "$output.query"
            }
          ]
        },
        {
          "_id": "f61ec557-f1b3-46c7-b70c-f7e2f0878b87-65bbf690-e4b4-42ad-ba4f-d4e638ed8117",
          "nextTask": "f61ec557-f1b3-46c7-b70c-f7e2f0878b87",
          "name": "If intents are already classified",
          "rules": [
            {
              "type": "any",
              "operator": "exists",
              "path": "$output.intents"
            },
            {
              "type": "any",
              "operator": "exists",
              "path": "$output.query"
            }
          ]
        },
        {
          "_id": "65bbf690-e4b4-42ad-ba4f-d4e638ed8117-1d364f06-ab11-4f8d-a22b-c76437fa9e22",
          "name": "If query exists",
          "nextTask": "1d364f06-ab11-4f8d-a22b-c76437fa9e22",
          "rules": [
            {
              "type": "any",
              "operator": "exists",
              "path": "$output.query"
            },
            {
              "type": "any",
              "operator": "notExists",
              "path": "$output.intents"
            }
          ]
        }
      ],
      "globalVariables": [
        {
          "name": "query",
          "referencePath": "$input.query"
        },
        {
          "name": "rawQuery",
          "referencePath": "$input.rawQuery"
        },
        {
          "name": "conversationId",
          "referencePath": "$input.conversationId"
        }
      ]
    },
    {
      "_id": "a7df88d9-894a-44c2-bf1a-9cc36adca1ec",
      "type": "Input",
      "config": {
        "name": "User Input",
        "description": "Get user input",
        "type": "string"
      },
      "transitions": [
        {
          "_id": "a7df88d9-894a-44c2-bf1a-9cc36adca1ec-1d364f06-ab11-4f8d-a22b-c76437fa9e22",
          "name": "Default",
          "nextTask": "1d364f06-ab11-4f8d-a22b-c76437fa9e22"
        }
      ],
      "globalVariables": [
        {
          "name": "query",
          "referencePath": "$output.userInput"
        },
        {
          "name": "rawQuery",
          "referencePath": "$output.userInput"
        },
        {
          "name": "selfLoopMiniAgent",
          "referencePath": "true"
        }
      ]
    },
    {
      "_id": "1d364f06-ab11-4f8d-a22b-c76437fa9e22",
      "type": "Loader",
      "config": {
        "name": "Loader",
        "description": "Display loader message",
        "type": "loader",
        "text": "Just a moment... identifying the best approach to assist you."
      },
      "transitions": [
        {
          "_id": "1d364f06-ab11-4f8d-a22b-c76437fa9e22-c819adbc-286c-49fd-840c-89467f966a49",
          "name": "Default",
          "nextTask": "c819adbc-286c-49fd-840c-89467f966a49"
        }
      ]
    },
    {
      "_id": "c819adbc-286c-49fd-840c-89467f966a49",
      "type": "IntentClassification",
      "config": {
        "name": "Intent Classification",
        "description": "Classify the intent of the user message",
        "modelId": "4cf651d9-edf3-455f-a22e-53cc67fcc07b",
        "intents": [
          {
            "name": "Analyze Health Data",
            "description": "Processes and evaluates clients' health information such as age, BMI, and medical history to assess risk levels.",
            "examples": [
              "How does a client's age affect their premium?",
              "Evaluate the impact of a high BMI on insurance costs.",
              "What medical history factors are considered in premium adjustments?"
            ]
          },
          {
            "name": "Calculate Premium Adjustment",
            "description": "Calculates the necessary adjustments to insurance premiums based on the analyzed health data and risk assessment.",
            "examples": [
              "What is the premium adjustment for a client with a BMI of 30?",
              "How much should the premium increase for a client with a history of heart disease?",
              "Determine the premium change for a 50-year-old client."
            ]
          },
          {
            "name": "Client Communication",
            "description": "Handles communication with clients regarding their premium adjustments, providing explanations and answering related queries.",
            "examples": [
              "Explain why my premium has increased.",
              "How can I lower my insurance premium?",
              "What factors led to the change in my premium?"
            ]
          }
        ],
        "query": "$agent.query"
      },
      "transitions": [
        {
          "_id": "c819adbc-286c-49fd-840c-89467f966a49-f61ec557-f1b3-46c7-b70c-f7e2f0878b87",
          "name": "If Intent is Matched",
          "rules": [
            {
              "type": "string",
              "operator": "equal",
              "path": "$output.intentMatched",
              "value": "true"
            }
          ],
          "nextTask": "f61ec557-f1b3-46c7-b70c-f7e2f0878b87"
        },
        {
          "_id": "c819adbc-286c-49fd-840c-89467f966a49-971a6bb1-a231-4e16-a6b9-281cd8b1feee",
          "name": "If No Intent is Matched",
          "rules": [
            {
              "type": "string",
              "operator": "equal",
              "path": "$output.intentMatched",
              "value": "false"
            }
          ],
          "nextTask": "971a6bb1-a231-4e16-a6b9-281cd8b1feee"
        }
      ]
    },
    {
      "_id": "f61ec557-f1b3-46c7-b70c-f7e2f0878b87",
      "type": "JSFunction",
      "config": {
        "name": "JS Function",
        "description": "Execute JS function",
        "code": "\nconst main = () => {\n    const currentExecutionId = _id;\n    const intents = agent?.icIntents?.[currentExecutionId] || input.intents;\n    const currentIndex = agent?.icLoopIndexes?.[currentExecutionId] || 0;\n    const currentIntent = intents[currentIndex] || {};\n    const { intent, task } = currentIntent;\n    const state = currentIndex === intents.length ? 'end' : 'continue'\n    const icLoopIndexes = { ...(agent?.icLoopIndexes || {}), [_id]: state === 'end' ? undefined : currentIndex + 1 };\n    const icIntents = { ...(agent?.icIntents || {}), [_id]: state === 'end' ? undefined : intents };\n    return { ...input, intent, state: currentIndex === intents.length ? 'end' : 'continue', icLoopIndexes, icIntents, query: task };\n};\n\nmain()\n"
      },
      "globalVariables": [
        {
          "referencePath": "$output.icLoopIndexes",
          "name": "icLoopIndexes"
        },
        {
          "referencePath": "$output.icIntents",
          "name": "icIntents"
        }
      ],
      "transitions": [
        {
          "_id": "f61ec557-f1b3-46c7-b70c-f7e2f0878b87-0cf2ef4e-a529-4b60-9d17-ca48107e1bbc",
          "name": "If Intent is Matched",
          "rules": [
            {
              "type": "string",
              "operator": "equal",
              "path": "$output.intent",
              "value": "Analyze Health Data"
            }
          ],
          "nextTask": "0cf2ef4e-a529-4b60-9d17-ca48107e1bbc"
        },
        {
          "_id": "f61ec557-f1b3-46c7-b70c-f7e2f0878b87-aac2cc8e-b7fa-4154-81da-4332533ac08f",
          "name": "If Intent is Matched",
          "rules": [
            {
              "type": "string",
              "operator": "equal",
              "path": "$output.intent",
              "value": "Calculate Premium Adjustment"
            }
          ],
          "nextTask": "aac2cc8e-b7fa-4154-81da-4332533ac08f"
        },
        {
          "_id": "f61ec557-f1b3-46c7-b70c-f7e2f0878b87-9c0fe285-30cc-414c-aae7-893bf666dd94",
          "name": "If Intent is Matched",
          "rules": [
            {
              "type": "string",
              "operator": "equal",
              "path": "$output.intent",
              "value": "Client Communication"
            }
          ],
          "nextTask": "9c0fe285-30cc-414c-aae7-893bf666dd94"
        },
        {
          "_id": "f61ec557-f1b3-46c7-b70c-f7e2f0878b87-a7df88d9-894a-44c2-bf1a-9cc36adca1ec",
          "name": "If Self Loop",
          "rules": [
            {
              "type": "string",
              "operator": "equal",
              "path": "$agent.selfLoopMiniAgent",
              "value": "true"
            },
            {
              "type": "string",
              "operator": "equal",
              "path": "$output.state",
              "value": "end"
            }
          ],
          "nextTask": "a7df88d9-894a-44c2-bf1a-9cc36adca1ec"
        }
      ]
    },
    {
      "_id": "0cf2ef4e-a529-4b60-9d17-ca48107e1bbc",
      "type": "Workflow",
      "config": {
        "name": "Intent - Analyze Health Data",
        "description": "Workflow for intent - Analyze Health Data",
        "workflowId": "a5446b5a-d487-496e-a958-c070f8a19024"
      },
      "transitions": [
        {
          "_id": "0cf2ef4e-a529-4b60-9d17-ca48107e1bbc-f61ec557-f1b3-46c7-b70c-f7e2f0878b87",
          "name": "Mini agent execution completed",
          "nextTask": "f61ec557-f1b3-46c7-b70c-f7e2f0878b87"
        }
      ]
    },
    {
      "_id": "aac2cc8e-b7fa-4154-81da-4332533ac08f",
      "type": "Workflow",
      "config": {
        "name": "Intent - Calculate Premium Adjustment",
        "description": "Workflow for intent - Calculate Premium Adjustment",
        "workflowId": "76973165-aa2e-4ec4-9641-eaac1c20cde5"
      },
      "transitions": [
        {
          "_id": "aac2cc8e-b7fa-4154-81da-4332533ac08f-f61ec557-f1b3-46c7-b70c-f7e2f0878b87",
          "name": "Mini agent execution completed",
          "nextTask": "f61ec557-f1b3-46c7-b70c-f7e2f0878b87"
        }
      ]
    },
    {
      "_id": "9c0fe285-30cc-414c-aae7-893bf666dd94",
      "type": "Workflow",
      "config": {
        "name": "Intent - Client Communication",
        "description": "Workflow for intent - Client Communication",
        "workflowId": "67a487ed-1b29-4659-9cbb-bf05fff265b8"
      },
      "transitions": [
        {
          "_id": "9c0fe285-30cc-414c-aae7-893bf666dd94-f61ec557-f1b3-46c7-b70c-f7e2f0878b87",
          "name": "Mini agent execution completed",
          "nextTask": "f61ec557-f1b3-46c7-b70c-f7e2f0878b87"
        }
      ]
    },
    {
      "_id": "971a6bb1-a231-4e16-a6b9-281cd8b1feee",
      "transitions": [
        {
          "_id": "971a6bb1-a231-4e16-a6b9-281cd8b1feee-a7df88d9-894a-44c2-bf1a-9cc36adca1ec",
          "name": "If Self Loop",
          "rules": [
            {
              "type": "string",
              "operator": "equal",
              "path": "$agent.selfLoopMiniAgent",
              "value": "true"
            }
          ],
          "nextTask": "a7df88d9-894a-44c2-bf1a-9cc36adca1ec"
        }
      ],
      "type": "Output",
      "config": {
        "name": "Output",
        "description": "Output the response to the user",
        "type": "external",
        "text": "Unable to complete task $agent.query"
      }
    },
    {
      "_id": "f3918d3d-6273-4c5d-8e74-025b2aae8a6e",
      "transitions": [
        {
          "_id": "f3918d3d-6273-4c5d-8e74-025b2aae8a6e-a7df88d9-894a-44c2-bf1a-9cc36adca1ec",
          "name": "If Self Loop",
          "rules": [
            {
              "type": "string",
              "operator": "equal",
              "path": "$agent.selfLoopMiniAgent",
              "value": "true"
            }
          ],
          "nextTask": "a7df88d9-894a-44c2-bf1a-9cc36adca1ec"
        }
      ],
      "type": "Display",
      "config": {
        "name": "Display",
        "description": "Display the response to the user",
        "type": "text",
        "text": "$input.content"
      }
    }
  ],
  "type": "Conversational",
  "version": "latest"
}